maladies_ravageurs,maladie
maladies_ravageurs,ravageur
maladies_ravageurs,limace
maladies_ravageurs,puceron
maladies_ravageurs,maladie fongique
maladies_ravageurs,traitement
maladies_ravageurs,bouillie bordelaise
maladies_ravageurs,purin
maladies_ravageurs,lâcher de poules
maladies_ravageurs,lâcher de canards indiens
maladies_ravageurs,porte-greffe
maladies_ravageurs,variété résistante
maladies_ravageurs,organisation spatiale des cultures
maladies_ravageurs,espèce végétale protectrice
maladies_ravageurs,protecteur
maladies_ravageurs,protectrice
eau,accès à l’eau
eau,puits
eau,source
eau,réseau d’eau potable
eau,potable
eau,eau potable
eau,manque d’eau
eau,sécheresse
eau,excès d’eau
eau,sol hydromorphe
eau,hydromorphe
eau,économie d’eau
eau,eau
eau,gaspillage
eau,paillage
eau,évaporation
eau,irrigation
eau,goutte
eau,goutte-à-goutte
sol,sol
sol,structure
sol,composition
sol,fertilité
sol,engrais
sol,engrais organique
sol,fumiers
sol,apport
sol,biomasse
sol,engrais de synthèse
sol,compost
sol,paille
sol,foin
sol,broyat
sol,brf
sol,feuilles mortes
sol,branchages coupés
adventices,adventice
adventices,végétaux indésirables
adventices,végétal indésirable
adventices,mauvaise herbe
adventices,bâches en tissu renforcé
adventices,bâche
adventices,tissu renforcé
adventices,couvert végétaux
adventices,densification des cultures
adventices,densification
adventices,désherbage
adventices,désherbage manuel
adventices,désherbage mécanique
adventices,désherbage chimique
récolte,récolte
